time_s,num_p_n_m,num_p_e_m,num_p_d_m,num_v_n_mps,num_v_e_mps,num_v_d_mps,ana_p_n_m,ana_p_e_m,ana_p_d_m,ana_v_n_mps,ana_v_e_mps,ana_v_d_mps,abs_err_p_n_m,abs_err_p_e_m,abs_err_p_d_m,abs_err_v_n_mps,abs_err_v_e_mps,abs_err_v_d_mps
0,0,0,0,0,0,0,0,0,0,0,0,0,0,0,0,0,0,0
0.01,0,0,4.4575681818181774e-05,0,0,0.0089151363636363543,0,0,4.4575681818181767e-05,0,0,0.0089151363636363543,0,0,6.7762635780344027e-21,0,0,0
0.02,0,0,0.0001783027272727271,0,0,0.017830272727272709,0,0,0.00017830272727272707,0,0,0.017830272727272709,0,0,2.7105054312137611e-20,0,0,0
0.029999999999999999,0,0,0.00040118113636363595,0,0,0.026745409090909063,0,0,0.0004011811363636359,0,0,0.026745409090909059,0,0,5.4210108624275222e-20,0,0,3.4694469519536142e-18
0.040000000000000001,0,0,0.00071321090909090838,0,0,0.035660545454545417,0,0,0.00071321090909090828,0,0,0.035660545454545417,0,0,1.0842021724855044e-19,0,0,0
0.050000000000000003,0,0,0.0011143920454545443,0,0,0.044575681818181771,0,0,0.0011143920454545445,0,0,0.044575681818181771,0,0,2.1684043449710089e-19,0,0,0
0.059999999999999998,0,0,0.0016047245454545438,0,0,0.053490818181818126,0,0,0.0016047245454545436,0,0,0.053490818181818119,0,0,2.1684043449710089e-19,0,0,6.9388939039072284e-18
0.070000000000000007,0,0,0.002184208409090907,0,0,0.06240595454545448,0,0,0.002184208409090907,0,0,0.06240595454545448,0,0,0,0,0,0
0.080000000000000002,0,0,0.0028528436363636335,0,0,0.071321090909090834,0,0,0.0028528436363636331,0,0,0.071321090909090834,0,0,4.3368086899420177e-19,0,0,0
0.089999999999999997,0,0,0.0036106302272727237,0,0,0.080236227272727195,0,0,0.0036106302272727229,0,0,0.080236227272727181,0,0,8.6736173798840355e-19,0,0,1.3877787807814457e-17
0.10000000000000001,0,0,0.0044575681818181771,0,0,0.089151363636363556,0,0,0.004457568181818178,0,0,0.089151363636363543,0,0,8.6736173798840355e-19,0,0,1.3877787807814457e-17
0.11,0,0,0.005393657499999995,0,0,0.098066499999999918,0,0,0.0053936574999999933,0,0,0.09806649999999989,0,0,1.7347234759768071e-18,0,0,2.7755575615628914e-17
0.12,0,0,0.0064188981818181761,0,0,0.10698163636363628,0,0,0.0064188981818181744,0,0,0.10698163636363624,0,0,1.7347234759768071e-18,0,0,4.163336342344337e-17
0.13,0,0,0.0075332902272727213,0,0,0.11589677272727264,0,0,0.0075332902272727195,0,0,0.1158967727272726,0,0,1.7347234759768071e-18,0,0,4.163336342344337e-17
0.14000000000000001,0,0,0.0087368336363636296,0,0,0.124811909090909,0,0,0.0087368336363636279,0,0,0.12481190909090896,0,0,1.7347234759768071e-18,0,0,4.163336342344337e-17
0.14999999999999999,0,0,0.010029528409090901,0,0,0.13372704545454536,0,0,0.010029528409090898,0,0,0.13372704545454531,0,0,3.4694469519536142e-18,0,0,5.5511151231257827e-17
0.16,0,0,0.011411374545454538,0,0,0.14264218181818172,0,0,0.011411374545454532,0,0,0.14264218181818167,0,0,5.2041704279304213e-18,0,0,5.5511151231257827e-17
0.17000000000000001,0,0,0.012882372045454536,0,0,0.15155731818181808,0,0,0.012882372045454534,0,0,0.15155731818181803,0,0,1.7347234759768071e-18,0,0,5.5511151231257827e-17
0.17999999999999999,0,0,0.014442520909090898,0,0,0.16047245454545445,0,0,0.014442520909090891,0,0,0.16047245454545436,0,0,6.9388939039072284e-18,0,0,8.3266726846886741e-17
0.19,0,0,0.016091821136363624,0,0,0.16938759090909081,0,0,0.016091821136363618,0,0,0.16938759090909072,0,0,6.9388939039072284e-18,0,0,8.3266726846886741e-17
0.20000000000000001,0,0,0.017830272727272715,0,0,0.17830272727272717,0,0,0.017830272727272712,0,0,0.17830272727272709,0,0,3.4694469519536142e-18,0,0,8.3266726846886741e-17
0.20999999999999999,0,0,0.01965787568181817,0,0,0.18721786363636353,0,0,0.019657875681818156,0,0,0.18721786363636342,0,0,1.3877787807814457e-17,0,0,1.1102230246251565e-16
0.22,0,0,0.021574629999999987,0,0,0.19613299999999989,0,0,0.021574629999999973,0,0,0.19613299999999978,0,0,1.3877787807814457e-17,0,0,1.1102230246251565e-16
0.23000000000000001,0,0,0.023580535681818168,0,0,0.20504813636363625,0,0,0.023580535681818157,0,0,0.20504813636363614,0,0,1.0408340855860843e-17,0,0,1.1102230246251565e-16
0.23999999999999999,0,0,0.025675592727272711,0,0,0.21396327272727261,0,0,0.025675592727272697,0,0,0.21396327272727247,0,0,1.3877787807814457e-17,0,0,1.3877787807814457e-16
0.25,0,0,0.027859801136363618,0,0,0.22287840909090897,0,0,0.027859801136363604,0,0,0.22287840909090884,0,0,1.3877787807814457e-17,0,0,1.3877787807814457e-16
0.26000000000000001,0,0,0.030133160909090888,0,0,0.23179354545454534,0,0,0.030133160909090878,0,0,0.2317935454545452,0,0,1.0408340855860843e-17,0,0,1.3877787807814457e-16
0.27000000000000002,0,0,0.032495672045454525,0,0,0.2407086818181817,0,0,0.032495672045454511,0,0,0.24070868181818156,0,0,1.3877787807814457e-17,0,0,1.3877787807814457e-16
0.28000000000000003,0,0,0.034947334545454525,0,0,0.24962381818181806,0,0,0.034947334545454511,0,0,0.24962381818181792,0,0,1.3877787807814457e-17,0,0,1.3877787807814457e-16
0.28999999999999998,0,0,0.037488148409090885,0,0,0.25853895454545439,0,0,0.037488148409090864,0,0,0.25853895454545422,0,0,2.0816681711721685e-17,0,0,1.6653345369377348e-16
0.29999999999999999,0,0,0.040118113636363611,0,0,0.26745409090909072,0,0,0.040118113636363591,0,0,0.26745409090909061,0,0,2.0816681711721685e-17,0,0,1.1102230246251565e-16
0.31,0,0,0.042837230227272698,0,0,0.27636922727272706,0,0,0.042837230227272684,0,0,0.27636922727272695,0,0,1.3877787807814457e-17,0,0,1.1102230246251565e-16
0.32000000000000001,0,0,0.04564549818181815,0,0,0.28528436363636339,0,0,0.04564549818181813,0,0,0.28528436363636334,0,0,2.0816681711721685e-17,0,0,5.5511151231257827e-17
0.33000000000000002,0,0,0.048542917499999963,0,0,0.29419949999999973,0,0,0.048542917499999949,0,0,0.29419949999999967,0,0,1.3877787807814457e-17,0,0,5.5511151231257827e-17
0.34000000000000002,0,0,0.051529488181818142,0,0,0.30311463636363606,0,0,0.051529488181818135,0,0,0.30311463636363606,0,0,6.9388939039072284e-18,0,0,0
0.35000000000000003,0,0,0.054605210227272688,0,0,0.31202977272727239,0,0,0.054605210227272674,0,0,0.31202977272727239,0,0,1.3877787807814457e-17,0,0,0
0.35999999999999999,0,0,0.057770083636363594,0,0,0.32094490909090873,0,0,0.057770083636363566,0,0,0.32094490909090873,0,0,2.7755575615628914e-17,0,0,0
0.37,0,0,0.061024108409090866,0,0,0.32986004545454506,0,0,0.061024108409090838,0,0,0.32986004545454506,0,0,2.7755575615628914e-17,0,0,0
0.38,0,0,0.064367284545454498,0,0,0.33877518181818139,0,0,0.06436728454545447,0,0,0.33877518181818145,0,0,2.7755575615628914e-17,0,0,5.5511151231257827e-17
0.39000000000000001,0,0,0.067799612045454496,0,0,0.34769031818181773,0,0,0.067799612045454469,0,0,0.34769031818181778,0,0,2.7755575615628914e-17,0,0,5.5511151231257827e-17
0.40000000000000002,0,0,0.071321090909090862,0,0,0.35660545454545406,0,0,0.071321090909090848,0,0,0.35660545454545417,0,0,1.3877787807814457e-17,0,0,1.1102230246251565e-16
0.41000000000000003,0,0,0.07493172113636358,0,0,0.36552059090909039,0,0,0.074931721136363566,0,0,0.3655205909090905,0,0,1.3877787807814457e-17,0,0,1.1102230246251565e-16
0.41999999999999998,0,0,0.078631502727272665,0,0,0.37443572727272673,0,0,0.078631502727272623,0,0,0.37443572727272684,0,0,4.163336342344337e-17,0,0,1.1102230246251565e-16
0.42999999999999999,0,0,0.082420435681818116,0,0,0.38335086363636306,0,0,0.082420435681818074,0,0,0.38335086363636317,0,0,4.163336342344337e-17,0,0,1.1102230246251565e-16
0.44,0,0,0.086298519999999934,0,0,0.39226599999999939,0,0,0.086298519999999893,0,0,0.39226599999999956,0,0,4.163336342344337e-17,0,0,1.6653345369377348e-16
0.45000000000000001,0,0,0.090265755681818105,0,0,0.40118113636363573,0,0,0.090265755681818091,0,0,0.40118113636363589,0,0,1.3877787807814457e-17,0,0,1.6653345369377348e-16
0.46000000000000002,0,0,0.094322142727272643,0,0,0.41009627272727206,0,0,0.094322142727272629,0,0,0.41009627272727228,0,0,1.3877787807814457e-17,0,0,2.2204460492503131e-16
0.47000000000000003,0,0,0.098467681136363547,0,0,0.41901140909090839,0,0,0.098467681136363547,0,0,0.41901140909090862,0,0,0,0,0,2.2204460492503131e-16
0.47999999999999998,0,0,0.10270237090909082,0,0,0.42792654545454473,0,0,0.10270237090909079,0,0,0.42792654545454495,0,0,2.7755575615628914e-17,0,0,2.2204460492503131e-16
0.48999999999999999,0,0,0.10702621204545444,0,0,0.43684168181818106,0,0,0.10702621204545441,0,0,0.43684168181818128,0,0,2.7755575615628914e-17,0,0,2.2204460492503131e-16
0.5,0,0,0.11143920454545443,0,0,0.44575681818181739,0,0,0.11143920454545442,0,0,0.44575681818181767,0,0,1.3877787807814457e-17,0,0,2.7755575615628914e-16
0.51000000000000001,0,0,0.11594134840909079,0,0,0.45467195454545373,0,0,0.11594134840909077,0,0,0.45467195454545406,0,0,1.3877787807814457e-17,0,0,3.3306690738754696e-16
0.52000000000000002,0,0,0.12053264363636351,0,0,0.46358709090909006,0,0,0.12053264363636351,0,0,0.46358709090909039,0,0,0,0,0,3.3306690738754696e-16
0.53000000000000003,0,0,0.12521309022727259,0,0,0.47250222727272639,0,0,0.12521309022727259,0,0,0.47250222727272678,0,0,0,0,0,3.8857805861880479e-16
0.54000000000000004,0,0,0.12998268818181805,0,0,0.48141736363636273,0,0,0.12998268818181805,0,0,0.48141736363636312,0,0,0,0,0,3.8857805861880479e-16
0.55000000000000004,0,0,0.13484143749999986,0,0,0.49033249999999906,0,0,0.13484143749999986,0,0,0.4903324999999995,0,0,0,0,0,4.4408920985006262e-16
0.56000000000000005,0,0,0.13978933818181802,0,0,0.49924763636363539,0,0,0.13978933818181805,0,0,0.49924763636363584,0,0,2.7755575615628914e-17,0,0,4.4408920985006262e-16
0.57000000000000006,0,0,0.14482639022727256,0,0,0.50816277272727173,0,0,0.14482639022727259,0,0,0.50816277272727217,0,0,2.7755575615628914e-17,0,0,4.4408920985006262e-16
0.57999999999999996,0,0,0.14995259363636346,0,0,0.51707790909090812,0,0,0.14995259363636346,0,0,0.51707790909090845,0,0,0,0,0,3.3306690738754696e-16
0.58999999999999997,0,0,0.15516794840909073,0,0,0.52599304545454451,0,0,0.15516794840909071,0,0,0.52599304545454484,0,0,2.7755575615628914e-17,0,0,3.3306690738754696e-16
0.59999999999999998,0,0,0.16047245454545436,0,0,0.53490818181818089,0,0,0.16047245454545436,0,0,0.53490818181818123,0,0,0,0,0,3.3306690738754696e-16
0.60999999999999999,0,0,0.16586611204545434,0,0,0.54382331818181728,0,0,0.16586611204545434,0,0,0.54382331818181751,0,0,0,0,0,2.2204460492503131e-16
0.62,0,0,0.17134892090909071,0,0,0.55273845454545367,0,0,0.17134892090909074,0,0,0.55273845454545389,0,0,2.7755575615628914e-17,0,0,2.2204460492503131e-16
0.63,0,0,0.17692088113636342,0,0,0.56165359090909006,0,0,0.17692088113636345,0,0,0.56165359090909028,0,0,2.7755575615628914e-17,0,0,2.2204460492503131e-16
0.64000000000000001,0,0,0.18258199272727252,0,0,0.57056872727272645,0,0,0.18258199272727252,0,0,0.57056872727272667,0,0,0,0,0,2.2204460492503131e-16
0.65000000000000002,0,0,0.18833225568181797,0,0,0.57948386363636284,0,0,0.18833225568181799,0,0,0.57948386363636295,0,0,2.7755575615628914e-17,0,0,1.1102230246251565e-16
0.66000000000000003,0,0,0.19417166999999977,0,0,0.58839899999999923,0,0,0.1941716699999998,0,0,0.58839899999999934,0,0,2.7755575615628914e-17,0,0,1.1102230246251565e-16
0.67000000000000004,0,0,0.20010023568181795,0,0,0.59731413636363562,0,0,0.20010023568181798,0,0,0.59731413636363573,0,0,2.7755575615628914e-17,0,0,1.1102230246251565e-16
0.68000000000000005,0,0,0.20611795272727249,0,0,0.60622927272727201,0,0,0.20611795272727254,0,0,0.60622927272727212,0,0,5.5511151231257827e-17,0,0,1.1102230246251565e-16
0.69000000000000006,0,0,0.2122248211363634,0,0,0.6151444090909084,0,0,0.21222482113636343,0,0,0.6151444090909084,0,0,2.7755575615628914e-17,0,0,0
0.70000000000000007,0,0,0.21842084090909067,0,0,0.62405954545454478,0,0,0.2184208409090907,0,0,0.62405954545454478,0,0,2.7755575615628914e-17,0,0,0
0.70999999999999996,0,0,0.22470601204545429,0,0,0.63297468181818117,0,0,0.22470601204545429,0,0,0.63297468181818106,0,0,0,0,0,1.1102230246251565e-16
0.71999999999999997,0,0,0.23108033454545429,0,0,0.64188981818181756,0,0,0.23108033454545426,0,0,0.64188981818181745,0,0,2.7755575615628914e-17,0,0,1.1102230246251565e-16
0.72999999999999998,0,0,0.23754380840909065,0,0,0.65080495454545395,0,0,0.23754380840909062,0,0,0.65080495454545373,0,0,2.7755575615628914e-17,0,0,2.2204460492503131e-16
0.73999999999999999,0,0,0.24409643363636338,0,0,0.65972009090909034,0,0,0.24409643363636335,0,0,0.65972009090909012,0,0,2.7755575615628914e-17,0,0,2.2204460492503131e-16
0.75,0,0,0.25073821022727244,0,0,0.66863522727272673,0,0,0.25073821022727244,0,0,0.66863522727272651,0,0,0,0,0,2.2204460492503131e-16
0.76000000000000001,0,0,0.25746913818181788,0,0,0.67755036363636312,0,0,0.25746913818181788,0,0,0.6775503636363629,0,0,0,0,0,2.2204460492503131e-16
0.77000000000000002,0,0,0.26428921749999967,0,0,0.68646549999999951,0,0,0.26428921749999967,0,0,0.68646549999999928,0,0,0,0,0,2.2204460492503131e-16
0.78000000000000003,0,0,0.27119844818181787,0,0,0.6953806363636359,0,0,0.27119844818181787,0,0,0.69538063636363556,0,0,0,0,0,3.3306690738754696e-16
0.79000000000000004,0,0,0.27819683022727243,0,0,0.70429577272727228,0,0,0.27819683022727243,0,0,0.70429577272727195,0,0,0,0,0,3.3306690738754696e-16
0.80000000000000004,0,0,0.28528436363636334,0,0,0.71321090909090867,0,0,0.28528436363636339,0,0,0.71321090909090834,0,0,5.5511151231257827e-17,0,0,3.3306690738754696e-16
0.81000000000000005,0,0,0.2924610484090906,0,0,0.72212604545454506,0,0,0.29246104840909065,0,0,0.72212604545454473,0,0,5.5511151231257827e-17,0,0,3.3306690738754696e-16
0.82000000000000006,0,0,0.29972688454545421,0,0,0.73104118181818145,0,0,0.29972688454545426,0,0,0.73104118181818101,0,0,5.5511151231257827e-17,0,0,4.4408920985006262e-16
0.83000000000000007,0,0,0.30708187204545423,0,0,0.73995631818181784,0,0,0.30708187204545423,0,0,0.7399563181818174,0,0,0,0,0,4.4408920985006262e-16
0.83999999999999997,0,0,0.3145260109090906,0,0,0.74887145454545423,0,0,0.31452601090909049,0,0,0.74887145454545367,0,0,1.1102230246251565e-16,0,0,5.5511151231257827e-16
0.84999999999999998,0,0,0.32205930113636333,0,0,0.75778659090909062,0,0,0.32205930113636322,0,0,0.75778659090909006,0,0,1.1102230246251565e-16,0,0,5.5511151231257827e-16
0.85999999999999999,0,0,0.32968174272727241,0,0,0.76670172727272701,0,0,0.3296817427272723,0,0,0.76670172727272634,0,0,1.1102230246251565e-16,0,0,6.6613381477509392e-16
0.87,0,0,0.33739333568181784,0,0,0.7756168636363634,0,0,0.33739333568181779,0,0,0.77561686363636273,0,0,5.5511151231257827e-17,0,0,6.6613381477509392e-16
0.88,0,0,0.34519407999999968,0,0,0.78453199999999979,0,0,0.34519407999999957,0,0,0.78453199999999912,0,0,1.1102230246251565e-16,0,0,6.6613381477509392e-16
0.89000000000000001,0,0,0.35308397568181787,0,0,0.79344713636363617,0,0,0.35308397568181776,0,0,0.79344713636363551,0,0,1.1102230246251565e-16,0,0,6.6613381477509392e-16
0.90000000000000002,0,0,0.36106302272727242,0,0,0.80236227272727256,0,0,0.36106302272727236,0,0,0.80236227272727179,0,0,5.5511151231257827e-17,0,0,7.7715611723760958e-16
0.91000000000000003,0,0,0.36913122113636332,0,0,0.81127740909090895,0,0,0.36913122113636326,0,0,0.81127740909090817,0,0,5.5511151231257827e-17,0,0,7.7715611723760958e-16
0.92000000000000004,0,0,0.37728857090909057,0,0,0.82019254545454534,0,0,0.37728857090909051,0,0,0.82019254545454456,0,0,5.5511151231257827e-17,0,0,7.7715611723760958e-16
0.93000000000000005,0,0,0.38553507204545423,0,0,0.82910768181818173,0,0,0.38553507204545417,0,0,0.82910768181818095,0,0,5.5511151231257827e-17,0,0,7.7715611723760958e-16
0.94000000000000006,0,0,0.39387072454545424,0,0,0.83802281818181812,0,0,0.39387072454545419,0,0,0.83802281818181723,0,0,5.5511151231257827e-17,0,0,8.8817841970012523e-16
0.95000000000000007,0,0,0.40229552840909061,0,0,0.84693795454545451,0,0,0.4022955284090905,0,0,0.84693795454545362,0,0,1.1102230246251565e-16,0,0,8.8817841970012523e-16
0.95999999999999996,0,0,0.41080948363636333,0,0,0.8558530909090909,0,0,0.41080948363636316,0,0,0.8558530909090899,0,0,1.6653345369377348e-16,0,0,9.9920072216264089e-16
0.96999999999999997,0,0,0.4194125902272724,0,0,0.86476822727272729,0,0,0.41941259022727223,0,0,0.86476822727272629,0,0,1.6653345369377348e-16,0,0,9.9920072216264089e-16
0.97999999999999998,0,0,0.42810484818181788,0,0,0.87368336363636367,0,0,0.42810484818181765,0,0,0.87368336363636256,0,0,2.2204460492503131e-16,0,0,1.1102230246251565e-15
0.98999999999999999,0,0,0.43688625749999971,0,0,0.88259850000000006,0,0,0.43688625749999949,0,0,0.88259849999999895,0,0,2.2204460492503131e-16,0,0,1.1102230246251565e-15
1,0,0,0.44575681818181789,0,0,0.89151363636363645,0,0,0.44575681818181767,0,0,0.89151363636363534,0,0,2.2204460492503131e-16,0,0,1.1102230246251565e-15
1.01,0,0,0.45471653022727243,0,0,0.90042877272727284,0,0,0.45471653022727221,0,0,0.90042877272727173,0,0,2.2204460492503131e-16,0,0,1.1102230246251565e-15
1.02,0,0,0.46376539363636332,0,0,0.90934390909090923,0,0,0.4637653936363631,0,0,0.90934390909090812,0,0,2.2204460492503131e-16,0,0,1.1102230246251565e-15
1.03,0,0,0.47290340840909062,0,0,0.91825904545454562,0,0,0.47290340840909034,0,0,0.9182590454545444,0,0,2.7755575615628914e-16,0,0,1.2212453270876722e-15
1.04,0,0,0.48213057454545427,0,0,0.92717418181818201,0,0,0.48213057454545405,0,0,0.92717418181818079,0,0,2.2204460492503131e-16,0,0,1.2212453270876722e-15
1.05,0,0,0.49144689204545428,0,0,0.9360893181818184,0,0,0.491446892045454,0,0,0.93608931818181718,0,0,2.7755575615628914e-16,0,0,1.2212453270876722e-15
1.0600000000000001,0,0,0.50085236090909069,0,0,0.94500445454545479,0,0,0.50085236090909036,0,0,0.94500445454545356,0,0,3.3306690738754696e-16,0,0,1.2212453270876722e-15
1.0700000000000001,0,0,0.51034698113636345,0,0,0.95391959090909118,0,0,0.51034698113636301,0,0,0.95391959090908984,0,0,4.4408920985006262e-16,0,0,1.3322676295501878e-15
1.0800000000000001,0,0,0.51993075272727252,0,0,0.96283472727272756,0,0,0.51993075272727218,0,0,0.96283472727272623,0,0,3.3306690738754696e-16,0,0,1.3322676295501878e-15
1.0900000000000001,0,0,0.52960367568181799,0,0,0.97174986363636395,0,0,0.52960367568181765,0,0,0.97174986363636262,0,0,3.3306690738754696e-16,0,0,1.3322676295501878e-15
1.1000000000000001,0,0,0.53936574999999976,0,0,0.98066500000000034,0,0,0.53936574999999942,0,0,0.98066499999999901,0,0,3.3306690738754696e-16,0,0,1.3322676295501878e-15
1.1100000000000001,0,0,0.54921697568181793,0,0,0.98958013636363673,0,0,0.5492169756818176,0,0,0.98958013636363529,0,0,3.3306690738754696e-16,0,0,1.4432899320127035e-15
1.1200000000000001,0,0,0.55915735272727252,0,0,0.99849527272727312,0,0,0.55915735272727218,0,0,0.99849527272727168,0,0,3.3306690738754696e-16,0,0,1.4432899320127035e-15
1.1300000000000001,0,0,0.5691868811363634,0,0,1.0074104090909095,0,0,0.56918688113636318,0,0,1.007410409090908,0,0,2.2204460492503131e-16,0,0,1.5543122344752192e-15
1.1400000000000001,0,0,0.57930556090909069,0,0,1.0163255454545459,0,0,0.57930556090909036,0,0,1.0163255454545443,0,0,3.3306690738754696e-16,0,0,1.5543122344752192e-15
1.1500000000000001,0,0,0.58951339204545428,0,0,1.0252406818181823,0,0,0.58951339204545394,0,0,1.0252406818181807,0,0,3.3306690738754696e-16,0,0,1.5543122344752192e-15
1.1599999999999999,0,0,0.59981037454545427,0,0,1.0341558181818187,0,0,0.59981037454545383,0,0,1.0341558181818169,0,0,4.4408920985006262e-16,0,0,1.7763568394002505e-15
1.1699999999999999,0,0,0.61019650840909068,0,0,1.0430709545454551,0,0,0.61019650840909012,0,0,1.0430709545454533,0,0,5.5511151231257827e-16,0,0,1.7763568394002505e-15
1.1799999999999999,0,0,0.62067179363636338,0,0,1.0519860909090915,0,0,0.62067179363636282,0,0,1.0519860909090897,0,0,5.5511151231257827e-16,0,0,1.7763568394002505e-15
1.1899999999999999,0,0,0.63123623022727249,0,0,1.0609012272727278,0,0,0.63123623022727193,0,0,1.0609012272727261,0,0,5.5511151231257827e-16,0,0,1.7763568394002505e-15
1.2,0,0,0.64188981818181789,0,0,1.0698163636363642,0,0,0.64188981818181745,0,0,1.0698163636363625,0,0,4.4408920985006262e-16,0,0,1.7763568394002505e-15
1.21,0,0,0.65263255749999971,0,0,1.0787315000000006,0,0,0.65263255749999927,0,0,1.0787314999999986,0,0,4.4408920985006262e-16,0,0,1.9984014443252818e-15
1.22,0,0,0.66346444818181793,0,0,1.087646636363637,0,0,0.66346444818181738,0,0,1.087646636363635,0,0,5.5511151231257827e-16,0,0,1.9984014443252818e-15
1.23,0,0,0.67438549022727245,0,0,1.0965617727272734,0,0,0.6743854902272719,0,0,1.0965617727272714,0,0,5.5511151231257827e-16,0,0,1.9984014443252818e-15
1.24,0,0,0.68539568363636338,0,0,1.1054769090909098,0,0,0.68539568363636294,0,0,1.1054769090909078,0,0,4.4408920985006262e-16,0,0,1.9984014443252818e-15
1.25,0,0,0.69649502840909061,0,0,1.1143920454545462,0,0,0.69649502840909006,0,0,1.1143920454545442,0,0,5.5511151231257827e-16,0,0,1.9984014443252818e-15
1.26,0,0,0.70768352454545425,0,0,1.1233071818181826,0,0,0.7076835245454538,0,0,1.1233071818181806,0,0,4.4408920985006262e-16,0,0,1.9984014443252818e-15
1.27,0,0,0.71896117204545429,0,0,1.132222318181819,0,0,0.71896117204545373,0,0,1.132222318181817,0,0,5.5511151231257827e-16,0,0,1.9984014443252818e-15
1.28,0,0,0.73032797090909063,0,0,1.1411374545454553,0,0,0.73032797090909007,0,0,1.1411374545454533,0,0,5.5511151231257827e-16,0,0,1.9984014443252818e-15
1.29,0,0,0.74178392113636338,0,0,1.1500525909090917,0,0,0.74178392113636282,0,0,1.1500525909090897,0,0,5.5511151231257827e-16,0,0,1.9984014443252818e-15
1.3,0,0,0.75332902272727242,0,0,1.1589677272727281,0,0,0.75332902272727198,0,0,1.1589677272727259,0,0,4.4408920985006262e-16,0,0,2.2204460492503131e-15
1.3100000000000001,0,0,0.76496327568181788,0,0,1.1678828636363645,0,0,0.76496327568181743,0,0,1.1678828636363623,0,0,4.4408920985006262e-16,0,0,2.2204460492503131e-15
1.3200000000000001,0,0,0.77668667999999974,0,0,1.1767980000000009,0,0,0.77668667999999919,0,0,1.1767979999999987,0,0,5.5511151231257827e-16,0,0,2.2204460492503131e-15
1.3300000000000001,0,0,0.7884992356818179,0,0,1.1857131363636373,0,0,0.78849923568181735,0,0,1.1857131363636351,0,0,5.5511151231257827e-16,0,0,2.2204460492503131e-15
1.3400000000000001,0,0,0.80040094272727247,0,0,1.1946282727272737,0,0,0.80040094272727191,0,0,1.1946282727272715,0,0,5.5511151231257827e-16,0,0,2.2204460492503131e-15
1.3500000000000001,0,0,0.81239180113636333,0,0,1.2035434090909101,0,0,0.81239180113636278,0,0,1.2035434090909078,0,0,5.5511151231257827e-16,0,0,2.2204460492503131e-15
1.3600000000000001,0,0,0.82447181090909061,0,0,1.2124585454545465,0,0,0.82447181090909016,0,0,1.2124585454545442,0,0,4.4408920985006262e-16,0,0,2.2204460492503131e-15
1.3700000000000001,0,0,0.83664097204545429,0,0,1.2213736818181828,0,0,0.83664097204545373,0,0,1.2213736818181806,0,0,5.5511151231257827e-16,0,0,2.2204460492503131e-15
1.3800000000000001,0,0,0.84889928454545427,0,0,1.2302888181818192,0,0,0.84889928454545371,0,0,1.2302888181818168,0,0,5.5511151231257827e-16,0,0,2.4424906541753444e-15
1.3900000000000001,0,0,0.86124674840909066,0,0,1.2392039545454556,0,0,0.8612467484090901,0,0,1.2392039545454532,0,0,5.5511151231257827e-16,0,0,2.4424906541753444e-15
1.4000000000000001,0,0,0.87368336363636334,0,0,1.248119090909092,0,0,0.87368336363636279,0,0,1.2481190909090896,0,0,5.5511151231257827e-16,0,0,2.4424906541753444e-15
1.4099999999999999,0,0,0.88620913022727243,0,0,1.2570342272727284,0,0,0.88620913022727166,0,0,1.2570342272727257,0,0,7.7715611723760958e-16,0,0,2.6645352591003757e-15
1.4199999999999999,0,0,0.89882404818181794,0,0,1.2659493636363648,0,0,0.89882404818181716,0,0,1.2659493636363621,0,0,7.7715611723760958e-16,0,0,2.6645352591003757e-15
1.4299999999999999,0,0,0.91152811749999973,0,0,1.2748645000000012,0,0,0.91152811749999885,0,0,1.2748644999999985,0,0,8.8817841970012523e-16,0,0,2.6645352591003757e-15
1.4399999999999999,0,0,0.92432133818181794,0,0,1.2837796363636376,0,0,0.92432133818181705,0,0,1.2837796363636349,0,0,8.8817841970012523e-16,0,0,2.6645352591003757e-15
1.45,0,0,0.93720371022727245,0,0,1.292694772727274,0,0,0.93720371022727167,0,0,1.2926947727272713,0,0,7.7715611723760958e-16,0,0,2.6645352591003757e-15
1.46,0,0,0.95017523363636336,0,0,1.3016099090909103,0,0,0.95017523363636247,0,0,1.3016099090909075,0,0,8.8817841970012523e-16,0,0,2.886579864025407e-15
1.47,0,0,0.96323590840909068,0,0,1.3105250454545467,0,0,0.96323590840908968,0,0,1.3105250454545438,0,0,9.9920072216264089e-16,0,0,2.886579864025407e-15
1.48,0,0,0.9763857345454543,0,0,1.3194401818181831,0,0,0.97638573454545341,0,0,1.3194401818181802,0,0,8.8817841970012523e-16,0,0,2.886579864025407e-15
1.49,0,0,0.98962471204545432,0,0,1.3283553181818195,0,0,0.98962471204545344,0,0,1.3283553181818166,0,0,8.8817841970012523e-16,0,0,2.886579864025407e-15
1.5,0,0,1.0029528409090906,0,0,1.3372704545454559,0,0,1.0029528409090898,0,0,1.337270454545453,0,0,8.8817841970012523e-16,0,0,2.886579864025407e-15
1.51,0,0,1.0163701211363634,0,0,1.3461855909090923,0,0,1.0163701211363625,0,0,1.3461855909090894,0,0,8.8817841970012523e-16,0,0,2.886579864025407e-15
1.52,0,0,1.0298765527272724,0,0,1.3551007272727287,0,0,1.0298765527272715,0,0,1.3551007272727258,0,0,8.8817841970012523e-16,0,0,2.886579864025407e-15
1.53,0,0,1.043472135681818,0,0,1.3640158636363651,0,0,1.0434721356818171,0,0,1.3640158636363622,0,0,8.8817841970012523e-16,0,0,2.886579864025407e-15
1.54,0,0,1.0571568699999998,0,0,1.3729310000000015,0,0,1.0571568699999987,0,0,1.3729309999999986,0,0,1.1102230246251565e-15,0,0,2.886579864025407e-15
1.55,0,0,1.0709307556818179,0,0,1.3818461363636378,0,0,1.0709307556818171,0,0,1.3818461363636347,0,0,8.8817841970012523e-16,0,0,3.1086244689504383e-15
1.5600000000000001,0,0,1.0847937927272726,0,0,1.3907612727272742,0,0,1.0847937927272715,0,0,1.3907612727272711,0,0,1.1102230246251565e-15,0,0,3.1086244689504383e-15
1.5700000000000001,0,0,1.0987459811363636,0,0,1.3996764090909106,0,0,1.0987459811363625,0,0,1.3996764090909075,0,0,1.1102230246251565e-15,0,0,3.1086244689504383e-15
1.5800000000000001,0,0,1.1127873209090908,0,0,1.408591545454547,0,0,1.1127873209090897,0,0,1.4085915454545439,0,0,1.1102230246251565e-15,0,0,3.1086244689504383e-15
1.5900000000000001,0,0,1.1269178120454544,0,0,1.4175066818181834,0,0,1.1269178120454533,0,0,1.4175066818181803,0,0,1.1102230246251565e-15,0,0,3.1086244689504383e-15
1.6000000000000001,0,0,1.1411374545454545,0,0,1.4264218181818198,0,0,1.1411374545454536,0,0,1.4264218181818167,0,0,8.8817841970012523e-16,0,0,3.1086244689504383e-15
1.6100000000000001,0,0,1.1554462484090908,0,0,1.4353369545454562,0,0,1.1554462484090897,0,0,1.4353369545454531,0,0,1.1102230246251565e-15,0,0,3.1086244689504383e-15
1.6200000000000001,0,0,1.1698441936363635,0,0,1.4442520909090926,0,0,1.1698441936363626,0,0,1.4442520909090895,0,0,8.8817841970012523e-16,0,0,3.1086244689504383e-15
1.6300000000000001,0,0,1.1843312902272727,0,0,1.453167227272729,0,0,1.1843312902272716,0,0,1.4531672272727256,0,0,1.1102230246251565e-15,0,0,3.3306690738754696e-15
1.6400000000000001,0,0,1.1989075381818182,0,0,1.4620823636363653,0,0,1.1989075381818171,0,0,1.462082363636362,0,0,1.1102230246251565e-15,0,0,3.3306690738754696e-15
1.6500000000000001,0,0,1.2135729374999999,0,0,1.4709975000000017,0,0,1.2135729374999988,0,0,1.4709974999999984,0,0,1.1102230246251565e-15,0,0,3.3306690738754696e-15
1.6600000000000001,0,0,1.2283274881818183,0,0,1.4799126363636381,0,0,1.2283274881818169,0,0,1.4799126363636348,0,0,1.3322676295501878e-15,0,0,3.3306690738754696e-15
1.6699999999999999,0,0,1.2431711902272728,0,0,1.4888277727272745,0,0,1.2431711902272713,0,0,1.488827772727271,0,0,1.5543122344752192e-15,0,0,3.5527136788005009e-15
1.6799999999999999,0,0,1.2581040436363637,0,0,1.4977429090909109,0,0,1.258104043636362,0,0,1.4977429090909073,0,0,1.7763568394002505e-15,0,0,3.5527136788005009e-15
1.6899999999999999,0,0,1.2731260484090909,0,0,1.5066580454545473,0,0,1.2731260484090894,0,0,1.5066580454545437,0,0,1.5543122344752192e-15,0,0,3.5527136788005009e-15
1.7,0,0,1.2882372045454547,0,0,1.5155731818181837,0,0,1.2882372045454529,0,0,1.5155731818181801,0,0,1.7763568394002505e-15,0,0,3.5527136788005009e-15
1.71,0,0,1.3034375120454547,0,0,1.5244883181818201,0,0,1.3034375120454529,0,0,1.5244883181818163,0,0,1.7763568394002505e-15,0,0,3.7747582837255322e-15
1.72,0,0,1.318726970909091,0,0,1.5334034545454565,0,0,1.3187269709090892,0,0,1.5334034545454527,0,0,1.7763568394002505e-15,0,0,3.7747582837255322e-15
1.73,0,0,1.3341055811363638,0,0,1.5423185909090928,0,0,1.3341055811363622,0,0,1.5423185909090891,0,0,1.5543122344752192e-15,0,0,3.7747582837255322e-15
1.74,0,0,1.3495733427272729,0,0,1.5512337272727292,0,0,1.3495733427272711,0,0,1.5512337272727255,0,0,1.7763568394002505e-15,0,0,3.7747582837255322e-15
1.75,0,0,1.3651302556818183,0,0,1.5601488636363656,0,0,1.3651302556818166,0,0,1.5601488636363618,0,0,1.7763568394002505e-15,0,0,3.7747582837255322e-15
1.76,0,0,1.3807763200000003,0,0,1.569064000000002,0,0,1.3807763199999983,0,0,1.5690639999999982,0,0,1.9984014443252818e-15,0,0,3.7747582837255322e-15
1.77,0,0,1.3965115356818185,0,0,1.5779791363636384,0,0,1.3965115356818167,0,0,1.5779791363636346,0,0,1.7763568394002505e-15,0,0,3.7747582837255322e-15
1.78,0,0,1.4123359027272731,0,0,1.5868942727272748,0,0,1.4123359027272711,0,0,1.586894272727271,0,0,1.9984014443252818e-15,0,0,3.7747582837255322e-15
1.79,0,0,1.4282494211363639,0,0,1.5958094090909112,0,0,1.4282494211363619,0,0,1.5958094090909074,0,0,1.9984014443252818e-15,0,0,3.7747582837255322e-15
1.8,0,0,1.4442520909090912,0,0,1.6047245454545476,0,0,1.4442520909090895,0,0,1.6047245454545436,0,0,1.7763568394002505e-15,0,0,3.9968028886505635e-15
1.8100000000000001,0,0,1.4603439120454549,0,0,1.613639681818184,0,0,1.4603439120454529,0,0,1.61363968181818,0,0,1.9984014443252818e-15,0,0,3.9968028886505635e-15
1.8200000000000001,0,0,1.4765248845454548,0,0,1.6225548181818203,0,0,1.4765248845454531,0,0,1.6225548181818163,0,0,1.7763568394002505e-15,0,0,3.9968028886505635e-15
1.8300000000000001,0,0,1.4927950084090913,0,0,1.6314699545454567,0,0,1.4927950084090893,0,0,1.6314699545454527,0,0,1.9984014443252818e-15,0,0,3.9968028886505635e-15
1.8400000000000001,0,0,1.5091542836363641,0,0,1.6403850909090931,0,0,1.5091542836363621,0,0,1.6403850909090891,0,0,1.9984014443252818e-15,0,0,3.9968028886505635e-15
1.8500000000000001,0,0,1.5256027102272731,0,0,1.6493002272727295,0,0,1.5256027102272711,0,0,1.6493002272727255,0,0,1.9984014443252818e-15,0,0,3.9968028886505635e-15
1.8600000000000001,0,0,1.5421402881818187,0,0,1.6582153636363659,0,0,1.5421402881818167,0,0,1.6582153636363619,0,0,1.9984014443252818e-15,0,0,3.9968028886505635e-15
1.8700000000000001,0,0,1.5587670175000006,0,0,1.6671305000000023,0,0,1.5587670174999986,0,0,1.6671304999999983,0,0,1.9984014443252818e-15,0,0,3.9968028886505635e-15
1.8800000000000001,0,0,1.5754828981818187,0,0,1.6760456363636387,0,0,1.5754828981818167,0,0,1.6760456363636345,0,0,1.9984014443252818e-15,0,0,4.2188474935755949e-15
1.8900000000000001,0,0,1.5922879302272732,0,0,1.6849607727272751,0,0,1.592287930227271,0,0,1.6849607727272709,0,0,2.2204460492503131e-15,0,0,4.2188474935755949e-15
1.9000000000000001,0,0,1.6091821136363642,0,0,1.6938759090909115,0,0,1.609182113636362,0,0,1.6938759090909072,0,0,2.2204460492503131e-15,0,0,4.2188474935755949e-15
1.9100000000000001,0,0,1.6261654484090915,0,0,1.7027910454545478,0,0,1.6261654484090893,0,0,1.7027910454545436,0,0,2.2204460492503131e-15,0,0,4.2188474935755949e-15
1.9199999999999999,0,0,1.6432379345454551,0,0,1.7117061818181842,0,0,1.6432379345454526,0,0,1.7117061818181798,0,0,2.4424906541753444e-15,0,0,4.4408920985006262e-15
1.9299999999999999,0,0,1.6603995720454552,0,0,1.7206213181818206,0,0,1.6603995720454525,0,0,1.7206213181818162,0,0,2.6645352591003757e-15,0,0,4.4408920985006262e-15
1.9399999999999999,0,0,1.6776503609090916,0,0,1.729536454545457,0,0,1.6776503609090889,0,0,1.7295364545454526,0,0,2.6645352591003757e-15,0,0,4.4408920985006262e-15
1.95,0,0,1.6949903011363643,0,0,1.7384515909090934,0,0,1.6949903011363616,0,0,1.738451590909089,0,0,2.6645352591003757e-15,0,0,4.4408920985006262e-15
1.96,0,0,1.7124193927272735,0,0,1.7473667272727298,0,0,1.7124193927272706,0,0,1.7473667272727251,0,0,2.886579864025407e-15,0,0,4.6629367034256575e-15
1.97,0,0,1.729937635681819,0,0,1.7562818636363662,0,0,1.7299376356818161,0,0,1.7562818636363615,0,0,2.886579864025407e-15,0,0,4.6629367034256575e-15
1.98,0,0,1.7475450300000008,0,0,1.7651970000000026,0,0,1.7475450299999979,0,0,1.7651969999999979,0,0,2.886579864025407e-15,0,0,4.6629367034256575e-15
1.99,0,0,1.7652415756818189,0,0,1.774112136363639,0,0,1.7652415756818163,0,0,1.7741121363636343,0,0,2.6645352591003757e-15,0,0,4.6629367034256575e-15
2,0,0,1.7830272727272736,0,0,1.7830272727272753,0,0,1.7830272727272707,0,0,1.7830272727272707,0,0,2.886579864025407e-15,0,0,4.6629367034256575e-15
